BIOL 110,2019-07-16 02:51:08.720949+00,3
BIOL 112,2019-07-16 02:51:08.720949+00,3
BIOL 120,2019-07-16 02:51:08.720949+00,3
BIOL 130,2019-07-16 02:51:08.720949+00,3
BIOL 130L,2019-07-16 02:51:08.720949+00,3
BIOL 150,2019-07-16 02:51:08.720949+00,3
BIOL 165,2019-07-16 02:51:08.720949+00,3
BIOL 211,2019-07-16 02:51:08.720949+00,3
BIOL 225,2019-07-16 02:51:08.720949+00,3
BIOL 239,2019-07-16 02:51:08.720949+00,3
BIOL 240,2019-07-16 02:51:08.720949+00,3
BIOL 240L,2019-07-16 02:51:08.720949+00,3
BIOL 241,2019-07-16 02:51:08.720949+00,3
BIOL 273,2019-07-16 02:51:08.720949+00,3
BIOL 273L,2019-07-16 02:51:08.720949+00,3
BIOL 280,2019-07-16 02:51:08.720949+00,3
BIOL 301,2019-07-16 02:51:08.720949+00,3
BIOL 360,2019-07-16 02:51:08.720949+00,3
BIOL 302,2019-07-16 02:51:08.720949+00,3
BIOL 303,2019-07-16 02:51:08.720949+00,3
BIOL 308,2019-07-16 02:51:08.720949+00,3
BIOL 309,2019-07-16 02:51:08.720949+00,3
BIOL 310,2019-07-16 02:51:08.720949+00,3
BIOL 321,2019-07-16 02:51:08.720949+00,3
BIOL 323,2019-07-16 02:51:08.720949+00,3
BIOL 325,2019-07-16 02:51:08.720949+00,3
BIOL 331,2019-07-16 02:51:08.720949+00,3
BIOL 335L,2019-07-16 02:51:08.720949+00,3
BIOL 342,2019-07-16 02:51:08.720949+00,3
BIOL 345,2019-07-16 02:51:08.720949+00,3
BIOL 346,2019-07-16 02:51:08.720949+00,3
BIOL 348L,2019-07-16 02:51:08.720949+00,3
BIOL 349,2019-07-16 02:51:08.720949+00,3
BIOL 350,2019-07-16 02:51:08.720949+00,3
BIOL 351,2019-07-16 02:51:08.720949+00,3
BIOL 354,2019-07-16 02:51:08.720949+00,3
BIOL 355,2019-07-16 02:51:08.720949+00,3
BIOL 359,2019-07-16 02:51:08.720949+00,3
BIOL 361,2019-07-16 02:51:08.720949+00,3
BIOL 364,2019-07-16 02:51:08.720949+00,3
BIOL 365,2019-07-16 02:51:08.720949+00,3
BIOL 366,2019-07-16 02:51:08.720949+00,3
BIOL 370,2019-07-16 02:51:08.720949+00,3
BIOL 371,2019-07-16 02:51:08.720949+00,3
BIOL 373,2019-07-16 02:51:08.720949+00,3
BIOL 373L,2019-07-16 02:51:08.720949+00,3
BIOL 376,2019-07-16 02:51:08.720949+00,3
BIOL 377,2019-07-16 02:51:08.720949+00,3
BIOL 382,2019-07-16 02:51:08.720949+00,3
BIOL 383,2019-07-16 02:51:08.720949+00,3
BIOL 403,2019-07-16 02:51:08.720949+00,3
BIOL 412,2019-07-16 02:51:08.720949+00,3
BIOL 426,2019-07-16 02:51:08.720949+00,3
BIOL 428,2019-07-16 02:51:08.720949+00,3
BIOL 431,2019-07-16 02:51:08.720949+00,3
BIOL 432,2019-07-16 02:51:08.720949+00,3
BIOL 433,2019-07-16 02:51:08.720949+00,3
BIOL 434,2019-07-16 02:51:08.720949+00,3
BIOL 438,2019-07-16 02:51:08.720949+00,3
BIOL 439,2019-07-16 02:51:08.720949+00,3
BIOL 441,2019-07-16 02:51:08.720949+00,3
BIOL 442,2019-07-16 02:51:08.720949+00,3
BIOL 443,2019-07-16 02:51:08.720949+00,3
BIOL 444,2019-07-16 02:51:08.720949+00,3
BIOL 447,2019-07-16 02:51:08.720949+00,3
BIOL 448,2019-07-16 02:51:08.720949+00,3
BIOL 449,2019-07-16 02:51:08.720949+00,3
BIOL 450,2019-07-16 02:51:08.720949+00,3
BIOL 452,2019-07-16 02:51:08.720949+00,3
BIOL 455,2019-07-16 02:51:08.720949+00,3
BIOL 456,2019-07-16 02:51:08.720949+00,3
BIOL 457,2019-07-16 02:51:08.720949+00,3
BIOL 458,2019-07-16 02:51:08.720949+00,3
BIOL 461,2019-07-16 02:51:08.720949+00,3
BIOL 462,2019-07-16 02:51:08.720949+00,3
BIOL 465,2019-07-16 02:51:08.720949+00,3
BIOL 466,2019-07-16 02:51:08.720949+00,3
BIOL 467,2019-07-16 02:51:08.720949+00,3
BIOL 470,2019-07-16 02:51:08.720949+00,3
BIOL 472,2019-07-16 02:51:08.720949+00,3
BIOL 473,2019-07-16 02:51:08.720949+00,3
BIOL 474,2019-07-16 02:51:08.720949+00,3
BIOL 475,2019-07-16 02:51:08.720949+00,3
BIOL 476,2019-07-16 02:51:08.720949+00,3
BIOL 477L,2019-07-16 02:51:08.720949+00,3
BIOL 479,2019-07-16 02:51:08.720949+00,3
BIOL 480,2019-07-16 02:51:08.720949+00,3
BIOL 483,2019-07-16 02:51:08.720949+00,3
BIOL 484,2019-07-16 02:51:08.720949+00,3
BIOL 485,2019-07-16 02:51:08.720949+00,3
BIOL 486,2019-07-16 02:51:08.720949+00,3
BIOL 487,2019-07-16 02:51:08.720949+00,3
BIOL 488,2019-07-16 02:51:08.720949+00,3
BIOL 489,2019-07-16 02:51:08.720949+00,3
BIOL 490A,2019-07-16 02:51:08.720949+00,3
BIOL 490B,2019-07-16 02:51:08.720949+00,3
BIOL 491A,2019-07-16 02:51:08.720949+00,3
BIOL 490C,2019-07-16 02:51:08.720949+00,3
BIOL 490D,2019-07-16 02:51:08.720949+00,3
BIOL 492,2019-07-16 02:51:08.720949+00,3
BIOL 496,2019-07-16 02:51:08.720949+00,3
BIOL 498A,2019-07-16 02:51:08.720949+00,3
BIOL 498B,2019-07-16 02:51:08.720949+00,3
BIOL 499A,2019-07-16 02:51:08.720949+00,3
BIOL 499B,2019-07-16 02:51:08.720949+00,3
BIOL 602,2019-07-16 02:51:08.720949+00,3
BIOL 604,2019-07-16 02:51:08.720949+00,3
BIOL 605,2019-07-16 02:51:08.720949+00,3
BIOL 606,2019-07-16 02:51:08.720949+00,3
BIOL 608,2019-07-16 02:51:08.720949+00,3
BIOL 610,2019-07-16 02:51:08.720949+00,3
BIOL 611,2019-07-16 02:51:08.720949+00,3
BIOL 612,2019-07-16 02:51:08.720949+00,3
BIOL 614,2019-07-16 02:51:08.720949+00,3
BIOL 617,2019-07-16 02:51:08.720949+00,3
BIOL 618,2019-07-16 02:51:08.720949+00,3
BIOL 621,2019-07-16 02:51:08.720949+00,3
BIOL 622,2019-07-16 02:51:08.720949+00,3
BIOL 623,2019-07-16 02:51:08.720949+00,3
BIOL 624,2019-07-16 02:51:08.720949+00,3
BIOL 625,2019-07-16 02:51:08.720949+00,3
BIOL 627,2019-07-16 02:51:08.720949+00,3
BIOL 628,2019-07-16 02:51:08.720949+00,3
BIOL 629,2019-07-16 02:51:08.720949+00,3
BIOL 631,2019-07-16 02:51:08.720949+00,3
BIOL 636,2019-07-16 02:51:08.720949+00,3
BIOL 642,2019-07-16 02:51:08.720949+00,3
BIOL 645,2019-07-16 02:51:08.720949+00,3
BIOL 646,2019-07-16 02:51:08.720949+00,3
BIOL 650,2019-07-16 02:51:08.720949+00,3
BIOL 651,2019-07-16 02:51:08.720949+00,3
BIOL 652,2019-07-16 02:51:08.720949+00,3
BIOL 667,2019-07-16 02:51:08.720949+00,3
BIOL 669,2019-07-16 02:51:08.720949+00,3
BIOL 670,2019-07-16 02:51:08.720949+00,3
BIOL 675,2019-07-16 02:51:08.720949+00,3
BIOL 678,2019-07-16 02:51:08.720949+00,3
BIOL 680,2019-07-16 02:51:08.720949+00,3
BIOL 681,2019-07-16 02:51:08.720949+00,3
BIOL 690,2019-07-16 02:51:08.720949+00,3
CHEM 140L,2019-07-16 02:51:08.720949+00,3
CHEM 1,2019-07-16 02:51:08.720949+00,3
CHEM 100,2019-07-16 02:51:08.720949+00,3
CHEM 120,2019-07-16 02:51:08.720949+00,3
CHEM 120L,2019-07-16 02:51:08.720949+00,3
CHEM 123,2019-07-16 02:51:08.720949+00,3
CHEM 123L,2019-07-16 02:51:08.720949+00,3
CHEM 140,2019-07-16 02:51:08.720949+00,3
CHEM 209,2019-07-16 02:51:08.720949+00,3
CHEM 212,2019-07-16 02:51:08.720949+00,3
CHEM 217,2019-07-16 02:51:08.720949+00,3
CHEM 220,2019-07-16 02:51:08.720949+00,3
CHEM 220L,2019-07-16 02:51:08.720949+00,3
CHEM 221,2019-07-16 02:51:08.720949+00,3
CHEM 224L,2019-07-16 02:51:08.720949+00,3
CHEM 228,2019-07-16 02:51:08.720949+00,3
CHEM 228L,2019-07-16 02:51:08.720949+00,3
CHEM 233,2019-07-16 02:51:08.720949+00,3
CHEM 237,2019-07-16 02:51:08.720949+00,3
CHEM 237L,2019-07-16 02:51:08.720949+00,3
CHEM 240,2019-07-16 02:51:08.720949+00,3
CHEM 250L,2019-07-16 02:51:08.720949+00,3
CHEM 254,2019-07-16 02:51:08.720949+00,3
CHEM 262,2019-07-16 02:51:08.720949+00,3
CHEM 262L,2019-07-16 02:51:08.720949+00,3
CHEM 264,2019-07-16 02:51:08.720949+00,3
CHEM 265,2019-07-16 02:51:08.720949+00,3
CHEM 265L,2019-07-16 02:51:08.720949+00,3
CHEM 266,2019-07-16 02:51:08.720949+00,3
CHEM 266L,2019-07-16 02:51:08.720949+00,3
CHEM 267,2019-07-16 02:51:08.720949+00,3
CHEM 267L,2019-07-16 02:51:08.720949+00,3
CHEM 310,2019-07-16 02:51:08.720949+00,3
CHEM 310L,2019-07-16 02:51:08.720949+00,3
CHEM 313,2019-07-16 02:51:08.720949+00,3
CHEM 313L,2019-07-16 02:51:08.720949+00,3
CHEM 323,2019-07-16 02:51:08.720949+00,3
CHEM 331,2019-07-16 02:51:08.720949+00,3
CHEM 333,2019-07-16 02:51:08.720949+00,3
CHEM 335L,2019-07-16 02:51:08.720949+00,3
CHEM 340,2019-07-16 02:51:08.720949+00,3
CHEM 350,2019-07-16 02:51:08.720949+00,3
CHEM 350L,2019-07-16 02:51:08.720949+00,3
CHEM 356,2019-07-16 02:51:08.720949+00,3
CHEM 357,2019-07-16 02:51:08.720949+00,3
CHEM 360,2019-07-16 02:51:08.720949+00,3
CHEM 360L,2019-07-16 02:51:08.720949+00,3
CHEM 370,2019-07-16 02:51:08.720949+00,3
CHEM 381,2019-07-16 02:51:08.720949+00,3
CHEM 382L,2019-07-16 02:51:08.720949+00,3
CHEM 392A,2019-07-16 02:51:08.720949+00,3
CHEM 392B,2019-07-16 02:51:08.720949+00,3
CHEM 404,2019-07-16 02:51:08.720949+00,3
CHEM 410,2019-07-16 02:51:08.720949+00,3
CHEM 420,2019-07-16 02:51:08.720949+00,3
CHEM 430,2019-07-16 02:51:08.720949+00,3
CHEM 432,2019-07-16 02:51:08.720949+00,3
CHEM 433,2019-07-16 02:51:08.720949+00,3
CHEM 440,2019-07-16 02:51:08.720949+00,3
CHEM 450,2019-07-16 02:51:08.720949+00,3
CHEM 460,2019-07-16 02:51:08.720949+00,3
CHEM 464,2019-07-16 02:51:08.720949+00,3
CHEM 470,2019-07-16 02:51:08.720949+00,3
CHEM 481,2019-07-16 02:51:08.720949+00,3
CHEM 482,2019-07-16 02:51:08.720949+00,3
CHEM 491A,2019-07-16 02:51:08.720949+00,3
CHEM 494A,2019-07-16 02:51:08.720949+00,3
CHEM 494B,2019-07-16 02:51:08.720949+00,3
CHEM 495,2019-07-16 02:51:08.720949+00,3
CHEM 496,2019-07-16 02:51:08.720949+00,3
CHEM 497,2019-07-16 02:51:08.720949+00,3
CHEM 710,2019-07-16 02:51:08.720949+00,3
CHEM 712,2019-07-16 02:51:08.720949+00,3
CHEM 713,2019-07-16 02:51:08.720949+00,3
CHEM 715,2019-07-16 02:51:08.720949+00,3
CHEM 717,2019-07-16 02:51:08.720949+00,3
CHEM 718,2019-07-16 02:51:08.720949+00,3
CHEM 720,2019-07-16 02:51:08.720949+00,3
CHEM 724,2019-07-16 02:51:08.720949+00,3
CHEM 726,2019-07-16 02:51:08.720949+00,3
CHEM 727,2019-07-16 02:51:08.720949+00,3
CHEM 728,2019-07-16 02:51:08.720949+00,3
CHEM 729,2019-07-16 02:51:08.720949+00,3
CHEM 730,2019-07-16 02:51:08.720949+00,3
CHEM 731,2019-07-16 02:51:08.720949+00,3
CHEM 736,2019-07-16 02:51:08.720949+00,3
CHEM 737,2019-07-16 02:51:08.720949+00,3
CHEM 738,2019-07-16 02:51:08.720949+00,3
CHEM 740,2019-07-16 02:51:08.720949+00,3
CHEM 745,2019-07-16 02:51:08.720949+00,3
CHEM 746,2019-07-16 02:51:08.720949+00,3
CHEM 750,2019-07-16 02:51:08.720949+00,3
CHEM 755,2019-07-16 02:51:08.720949+00,3
CHEM 756,2019-07-16 02:51:08.720949+00,3
CHEM 760,2019-07-16 02:51:08.720949+00,3
CHEM 764,2019-07-16 02:51:08.720949+00,3
CHEM 765,2019-07-16 02:51:08.720949+00,3
CHEM 766,2019-07-16 02:51:08.720949+00,3
CHEM 769,2019-07-16 02:51:08.720949+00,3
CHEM 770,2019-07-16 02:51:08.720949+00,3
CHEM 771,2019-07-16 02:51:08.720949+00,3
CHEM 772,2019-07-16 02:51:08.720949+00,3
CHEM 773,2019-07-16 02:51:08.720949+00,3
CHEM 794,2019-07-16 02:51:08.720949+00,3
EARTH 10,2019-07-16 02:51:08.720949+00,3
EARTH 336,2019-07-16 02:51:08.720949+00,3
EARTH 121,2019-07-16 02:51:08.720949+00,3
EARTH 121L,2019-07-16 02:51:08.720949+00,3
EARTH 122,2019-07-16 02:51:08.720949+00,3
EARTH 122L,2019-07-16 02:51:08.720949+00,3
EARTH 123,2019-07-16 02:51:08.720949+00,3
EARTH 123L,2019-07-16 02:51:08.720949+00,3
EARTH 153,2019-07-16 02:51:08.720949+00,3
EARTH 221,2019-07-16 02:51:08.720949+00,3
EARTH 223,2019-07-16 02:51:08.720949+00,3
EARTH 231,2019-07-16 02:51:08.720949+00,3
EARTH 232,2019-07-16 02:51:08.720949+00,3
EARTH 235,2019-07-16 02:51:08.720949+00,3
EARTH 236,2019-07-16 02:51:08.720949+00,3
EARTH 238,2019-07-16 02:51:08.720949+00,3
EARTH 260,2019-07-16 02:51:08.720949+00,3
EARTH 270,2019-07-16 02:51:08.720949+00,3
EARTH 281,2019-07-16 02:51:08.720949+00,3
EARTH 310,2019-07-16 02:51:08.720949+00,3
EARTH 331,2019-07-16 02:51:08.720949+00,3
EARTH 332,2019-07-16 02:51:08.720949+00,3
EARTH 333,2019-07-16 02:51:08.720949+00,3
EARTH 342,2019-07-16 02:51:08.720949+00,3
EARTH 358,2019-07-16 02:51:08.720949+00,3
EARTH 359,2019-07-16 02:51:08.720949+00,3
EARTH 390,2019-07-16 02:51:08.720949+00,3
EARTH 421,2019-07-16 02:51:08.720949+00,3
EARTH 435,2019-07-16 02:51:08.720949+00,3
EARTH 436A,2019-07-16 02:51:08.720949+00,3
EARTH 436B,2019-07-16 02:51:08.720949+00,3
EARTH 437,2019-07-16 02:51:08.720949+00,3
EARTH 438,2019-07-16 02:51:08.720949+00,3
EARTH 440,2019-07-16 02:51:08.720949+00,3
EARTH 444,2019-07-16 02:51:08.720949+00,3
EARTH 456,2019-07-16 02:51:08.720949+00,3
EARTH 458,2019-07-16 02:51:08.720949+00,3
EARTH 458L,2019-07-16 02:51:08.720949+00,3
EARTH 459,2019-07-16 02:51:08.720949+00,3
EARTH 460,2019-07-16 02:51:08.720949+00,3
EARTH 461,2019-07-16 02:51:08.720949+00,3
EARTH 461L,2019-07-16 02:51:08.720949+00,3
EARTH 471,2019-07-16 02:51:08.720949+00,3
EARTH 490,2019-07-16 02:51:08.720949+00,3
EARTH 491,2019-07-16 02:51:08.720949+00,3
EARTH 499,2019-07-16 02:51:08.720949+00,3
EARTH 601,2019-07-16 02:51:08.720949+00,3
EARTH 602,2019-07-16 02:51:08.720949+00,3
EARTH 603,2019-07-16 02:51:08.720949+00,3
EARTH 606,2019-07-16 02:51:08.720949+00,3
EARTH 610,2019-07-16 02:51:08.720949+00,3
EARTH 611,2019-07-16 02:51:08.720949+00,3
EARTH 612,2019-07-16 02:51:08.720949+00,3
EARTH 620,2019-07-16 02:51:08.720949+00,3
EARTH 621,2019-07-16 02:51:08.720949+00,3
EARTH 622,2019-07-16 02:51:08.720949+00,3
EARTH 623,2019-07-16 02:51:08.720949+00,3
EARTH 624,2019-07-16 02:51:08.720949+00,3
EARTH 625,2019-07-16 02:51:08.720949+00,3
EARTH 626,2019-07-16 02:51:08.720949+00,3
EARTH 630,2019-07-16 02:51:08.720949+00,3
EARTH 631,2019-07-16 02:51:08.720949+00,3
EARTH 632,2019-07-16 02:51:08.720949+00,3
EARTH 634,2019-07-16 02:51:08.720949+00,3
EARTH 635,2019-07-16 02:51:08.720949+00,3
EARTH 638,2019-07-16 02:51:08.720949+00,3
EARTH 640,2019-07-16 02:51:08.720949+00,3
EARTH 641,2019-07-16 02:51:08.720949+00,3
EARTH 642,2019-07-16 02:51:08.720949+00,3
EARTH 643,2019-07-16 02:51:08.720949+00,3
EARTH 644,2019-07-16 02:51:08.720949+00,3
EARTH 645,2019-07-16 02:51:08.720949+00,3
EARTH 646,2019-07-16 02:51:08.720949+00,3
EARTH 650,2019-07-16 02:51:08.720949+00,3
EARTH 651,2019-07-16 02:51:08.720949+00,3
EARTH 653,2019-07-16 02:51:08.720949+00,3
EARTH 654,2019-07-16 02:51:08.720949+00,3
EARTH 656,2019-07-16 02:51:08.720949+00,3
EARTH 657,2019-07-16 02:51:08.720949+00,3
EARTH 658,2019-07-16 02:51:08.720949+00,3
EARTH 659,2019-07-16 02:51:08.720949+00,3
EARTH 661,2019-07-16 02:51:08.720949+00,3
EARTH 668,2019-07-16 02:51:08.720949+00,3
EARTH 671,2019-07-16 02:51:08.720949+00,3
EARTH 690,2019-07-16 02:51:08.720949+00,3
EARTH 691,2019-07-16 02:51:08.720949+00,3
EARTH 692,2019-07-16 02:51:08.720949+00,3
MNS 101,2019-07-16 02:51:08.720949+00,3
MNS 102,2019-07-16 02:51:08.720949+00,3
MNS 201L,2019-07-16 02:51:08.720949+00,3
MNS 211,2019-07-16 02:51:08.720949+00,3
MNS 221,2019-07-16 02:51:08.720949+00,3
MNS 321,2019-07-16 02:51:08.720949+00,3
MNS 322,2019-07-16 02:51:08.720949+00,3
MNS 331,2019-07-16 02:51:08.720949+00,3
OPTOM 650,2019-07-16 02:51:08.720949+00,3
OPTOM 103,2019-07-16 02:51:08.720949+00,3
OPTOM 104,2019-07-16 02:51:08.720949+00,3
OPTOM 105,2019-07-16 02:51:08.720949+00,3
OPTOM 106,2019-07-16 02:51:08.720949+00,3
OPTOM 108,2019-07-16 02:51:08.720949+00,3
OPTOM 109,2019-07-16 02:51:08.720949+00,3
OPTOM 114,2019-07-16 02:51:08.720949+00,3
OPTOM 124,2019-07-16 02:51:08.720949+00,3
OPTOM 126,2019-07-16 02:51:08.720949+00,3
OPTOM 134,2019-07-16 02:51:08.720949+00,3
OPTOM 143,2019-07-16 02:51:08.720949+00,3
OPTOM 152,2019-07-16 02:51:08.720949+00,3
OPTOM 152L,2019-07-16 02:51:08.720949+00,3
OPTOM 215,2019-07-16 02:51:08.720949+00,3
OPTOM 216,2019-07-16 02:51:08.720949+00,3
OPTOM 219,2019-07-16 02:51:08.720949+00,3
OPTOM 231,2019-07-16 02:51:08.720949+00,3
OPTOM 243,2019-07-16 02:51:08.720949+00,3
OPTOM 245,2019-07-16 02:51:08.720949+00,3
OPTOM 245L,2019-07-16 02:51:08.720949+00,3
OPTOM 246,2019-07-16 02:51:08.720949+00,3
OPTOM 250,2019-07-16 02:51:08.720949+00,3
OPTOM 252,2019-07-16 02:51:08.720949+00,3
OPTOM 252L,2019-07-16 02:51:08.720949+00,3
OPTOM 255,2019-07-16 02:51:08.720949+00,3
OPTOM 255L,2019-07-16 02:51:08.720949+00,3
OPTOM 261,2019-07-16 02:51:08.720949+00,3
OPTOM 262,2019-07-16 02:51:08.720949+00,3
OPTOM 270,2019-07-16 02:51:08.720949+00,3
OPTOM 272,2019-07-16 02:51:08.720949+00,3
OPTOM 339,2019-07-16 02:51:08.720949+00,3
OPTOM 342A,2019-07-16 02:51:08.720949+00,3
OPTOM 342B,2019-07-16 02:51:08.720949+00,3
OPTOM 346,2019-07-16 02:51:08.720949+00,3
OPTOM 347,2019-07-16 02:51:08.720949+00,3
OPTOM 347L,2019-07-16 02:51:08.720949+00,3
OPTOM 348A,2019-07-16 02:51:08.720949+00,3
OPTOM 348B,2019-07-16 02:51:08.720949+00,3
OPTOM 360,2019-07-16 02:51:08.720949+00,3
OPTOM 365,2019-07-16 02:51:08.720949+00,3
OPTOM 367,2019-07-16 02:51:08.720949+00,3
OPTOM 375,2019-07-16 02:51:08.720949+00,3
OPTOM 375L,2019-07-16 02:51:08.720949+00,3
OPTOM 377,2019-07-16 02:51:08.720949+00,3
OPTOM 380,2019-07-16 02:51:08.720949+00,3
OPTOM 385,2019-07-16 02:51:08.720949+00,3
OPTOM 387,2019-07-16 02:51:08.720949+00,3
OPTOM 412,2019-07-16 02:51:08.720949+00,3
OPTOM 441,2019-07-16 02:51:08.720949+00,3
OPTOM 451,2019-07-16 02:51:08.720949+00,3
OPTOM 458,2019-07-16 02:51:08.720949+00,3
OPTOM 460,2019-07-16 02:51:08.720949+00,3
OPTOM 461S,2019-07-16 02:51:08.720949+00,3
OPTOM 468,2019-07-16 02:51:08.720949+00,3
OPTOM 477,2019-07-16 02:51:08.720949+00,3
OPTOM 478,2019-07-16 02:51:08.720949+00,3
OPTOM 488,2019-07-16 02:51:08.720949+00,3
OPTOM 600,2019-07-16 02:51:08.720949+00,3
OPTOM 601,2019-07-16 02:51:08.720949+00,3
OPTOM 602,2019-07-16 02:51:08.720949+00,3
OPTOM 603,2019-07-16 02:51:08.720949+00,3
OPTOM 604,2019-07-16 02:51:08.720949+00,3
OPTOM 605,2019-07-16 02:51:08.720949+00,3
OPTOM 606,2019-07-16 02:51:08.720949+00,3
OPTOM 607,2019-07-16 02:51:08.720949+00,3
OPTOM 608,2019-07-16 02:51:08.720949+00,3
OPTOM 661,2019-07-16 02:51:08.720949+00,3
OPTOM 670,2019-07-16 02:51:08.720949+00,3
OPTOM 671,2019-07-16 02:51:08.720949+00,3
OPTOM 672,2019-07-16 02:51:08.720949+00,3
OPTOM 680,2019-07-16 02:51:08.720949+00,3
OPTOM 681,2019-07-16 02:51:08.720949+00,3
PHYS 736,2019-07-16 02:51:08.720949+00,3
OPTOM 610,2019-07-16 02:51:08.720949+00,3
OPTOM 611,2019-07-16 02:51:08.720949+00,3
OPTOM 613,2019-07-16 02:51:08.720949+00,3
OPTOM 614A,2019-07-16 02:51:08.720949+00,3
OPTOM 614B,2019-07-16 02:51:08.720949+00,3
OPTOM 615,2019-07-16 02:51:08.720949+00,3
OPTOM 616,2019-07-16 02:51:08.720949+00,3
OPTOM 620,2019-07-16 02:51:08.720949+00,3
OPTOM 624A,2019-07-16 02:51:08.720949+00,3
OPTOM 624B,2019-07-16 02:51:08.720949+00,3
OPTOM 628,2019-07-16 02:51:08.720949+00,3
OPTOM 651,2019-07-16 02:51:08.720949+00,3
OPTOM 660,2019-07-16 02:51:08.720949+00,3
PHARM 601,2019-07-16 02:51:08.720949+00,3
OPTOM 630,2019-07-16 02:51:08.720949+00,3
OPTOM 631,2019-07-16 02:51:08.720949+00,3
OPTOM 690A,2019-07-16 02:51:08.720949+00,3
OPTOM 690B,2019-07-16 02:51:08.720949+00,3
PHARM 120,2019-07-16 02:51:08.720949+00,3
PDPHRM 1,2019-07-16 02:51:08.720949+00,3
PDPHRM 2,2019-07-16 02:51:08.720949+00,3
PDPHRM 3,2019-07-16 02:51:08.720949+00,3
PDPHRM 4,2019-07-16 02:51:08.720949+00,3
PDPHRM 5,2019-07-16 02:51:08.720949+00,3
PDPHRM 6,2019-07-16 02:51:08.720949+00,3
PDPHRM 7,2019-07-16 02:51:08.720949+00,3
PDPHRM 8,2019-07-16 02:51:08.720949+00,3
PHARM 110,2019-07-16 02:51:08.720949+00,3
PHARM 111,2019-07-16 02:51:08.720949+00,3
PHARM 120A,2019-07-16 02:51:08.720949+00,3
PHARM 120B,2019-07-16 02:51:08.720949+00,3
PHARM 124,2019-07-16 02:51:08.720949+00,3
PHARM 125,2019-07-16 02:51:08.720949+00,3
PHARM 126,2019-07-16 02:51:08.720949+00,3
PHARM 127,2019-07-16 02:51:08.720949+00,3
PHARM 128,2019-07-16 02:51:08.720949+00,3
PHARM 129,2019-07-16 02:51:08.720949+00,3
PHARM 130,2019-07-16 02:51:08.720949+00,3
PHARM 151,2019-07-16 02:51:08.720949+00,3
PHARM 131,2019-07-16 02:51:08.720949+00,3
PHARM 141,2019-07-16 02:51:08.720949+00,3
PHARM 150,2019-07-16 02:51:08.720949+00,3
PHARM 220,2019-07-16 02:51:08.720949+00,3
PHARM 221,2019-07-16 02:51:08.720949+00,3
PHARM 222,2019-07-16 02:51:08.720949+00,3
PHARM 223,2019-07-16 02:51:08.720949+00,3
PHARM 224,2019-07-16 02:51:08.720949+00,3
PHARM 227,2019-07-16 02:51:08.720949+00,3
PHARM 228,2019-07-16 02:51:08.720949+00,3
PHARM 229,2019-07-16 02:51:08.720949+00,3
PHARM 232,2019-07-16 02:51:08.720949+00,3
PHARM 232L,2019-07-16 02:51:08.720949+00,3
PHARM 233L,2019-07-16 02:51:08.720949+00,3
PHARM 237,2019-07-16 02:51:08.720949+00,3
PHARM 252,2019-07-16 02:51:08.720949+00,3
PHARM 378,2019-07-16 02:51:08.720949+00,3
PHARM 262,2019-07-16 02:51:08.720949+00,3
PHARM 290,2019-07-16 02:51:08.720949+00,3
PHARM 320,2019-07-16 02:51:08.720949+00,3
PHARM 321,2019-07-16 02:51:08.720949+00,3
PHARM 322,2019-07-16 02:51:08.720949+00,3
PHARM 329,2019-07-16 02:51:08.720949+00,3
PHARM 350,2019-07-16 02:51:08.720949+00,3
PHARM 391,2019-07-16 02:51:08.720949+00,3
PHARM 361,2019-07-16 02:51:08.720949+00,3
PHARM 362,2019-07-16 02:51:08.720949+00,3
PHARM 363,2019-07-16 02:51:08.720949+00,3
PHARM 364,2019-07-16 02:51:08.720949+00,3
PHARM 365,2019-07-16 02:51:08.720949+00,3
PHARM 366,2019-07-16 02:51:08.720949+00,3
PHARM 367,2019-07-16 02:51:08.720949+00,3
PHARM 368,2019-07-16 02:51:08.720949+00,3
PHARM 369,2019-07-16 02:51:08.720949+00,3
PHARM 370,2019-07-16 02:51:08.720949+00,3
PHARM 371,2019-07-16 02:51:08.720949+00,3
PHARM 372,2019-07-16 02:51:08.720949+00,3
PHARM 373,2019-07-16 02:51:08.720949+00,3
PHARM 374,2019-07-16 02:51:08.720949+00,3
PHARM 375,2019-07-16 02:51:08.720949+00,3
PHARM 376,2019-07-16 02:51:08.720949+00,3
PHARM 377,2019-07-16 02:51:08.720949+00,3
PHARM 400,2019-07-16 02:51:08.720949+00,3
PHARM 401,2019-07-16 02:51:08.720949+00,3
PHARM 415A,2019-07-16 02:51:08.720949+00,3
PHARM 415B,2019-07-16 02:51:08.720949+00,3
PHARM 420,2019-07-16 02:51:08.720949+00,3
PHARM 421,2019-07-16 02:51:08.720949+00,3
PHARM 422,2019-07-16 02:51:08.720949+00,3
PHARM 428,2019-07-16 02:51:08.720949+00,3
PHARM 460,2019-07-16 02:51:08.720949+00,3
PHARM 461,2019-07-16 02:51:08.720949+00,3
PHARM 462,2019-07-16 02:51:08.720949+00,3
PHARM 464,2019-07-16 02:51:08.720949+00,3
PHARM 465,2019-07-16 02:51:08.720949+00,3
PHARM 466,2019-07-16 02:51:08.720949+00,3
PHARM 467,2019-07-16 02:51:08.720949+00,3
PHARM 468,2019-07-16 02:51:08.720949+00,3
PHARM 469,2019-07-16 02:51:08.720949+00,3
PHARM 470,2019-07-16 02:51:08.720949+00,3
PHARM 471,2019-07-16 02:51:08.720949+00,3
PHARM 472,2019-07-16 02:51:08.720949+00,3
PHARM 490,2019-07-16 02:51:08.720949+00,3
PHARM 491,2019-07-16 02:51:08.720949+00,3
PHARM 495,2019-07-16 02:51:08.720949+00,3
PHARM 602,2019-07-16 02:51:08.720949+00,3
PHARM 603,2019-07-16 02:51:08.720949+00,3
PHARM 604,2019-07-16 02:51:08.720949+00,3
PHARM 605,2019-07-16 02:51:08.720949+00,3
PHARM 606,2019-07-16 02:51:08.720949+00,3
PHARM 607,2019-07-16 02:51:08.720949+00,3
PHARM 608A,2019-07-16 02:51:08.720949+00,3
PHARM 609,2019-07-16 02:51:08.720949+00,3
PHARM 610,2019-07-16 02:51:08.720949+00,3
PHARM 611,2019-07-16 02:51:08.720949+00,3
PHYS 735,2019-07-16 02:51:08.720949+00,3
PHYS 191,2019-07-16 02:51:08.720949+00,3
PHYS 711,2019-07-16 02:51:08.720949+00,3
PHYS 1,2019-07-16 02:51:08.720949+00,3
PHYS 10,2019-07-16 02:51:08.720949+00,3
PHYS 111,2019-07-16 02:51:08.720949+00,3
PHYS 111L,2019-07-16 02:51:08.720949+00,3
PHYS 112,2019-07-16 02:51:08.720949+00,3
PHYS 112L,2019-07-16 02:51:08.720949+00,3
PHYS 115,2019-07-16 02:51:08.720949+00,3
PHYS 121,2019-07-16 02:51:08.720949+00,3
PHYS 121L,2019-07-16 02:51:08.720949+00,3
PHYS 122,2019-07-16 02:51:08.720949+00,3
PHYS 139,2019-07-16 02:51:08.720949+00,3
PHYS 122L,2019-07-16 02:51:08.720949+00,3
PHYS 124,2019-07-16 02:51:08.720949+00,3
PHYS 125,2019-07-16 02:51:08.720949+00,3
PHYS 131L,2019-07-16 02:51:08.720949+00,3
PHYS 132L,2019-07-16 02:51:08.720949+00,3
PHYS 175,2019-07-16 02:51:08.720949+00,3
PHYS 175L,2019-07-16 02:51:08.720949+00,3
PHYS 222,2019-07-16 02:51:08.720949+00,3
PHYS 223,2019-07-16 02:51:08.720949+00,3
PHYS 224,2019-07-16 02:51:08.720949+00,3
PHYS 224L,2019-07-16 02:51:08.720949+00,3
PHYS 225,2019-07-16 02:51:08.720949+00,3
PHYS 226,2019-07-16 02:51:08.720949+00,3
PHYS 232L,2019-07-16 02:51:08.720949+00,3
PHYS 233,2019-07-16 02:51:08.720949+00,3
PHYS 234,2019-07-16 02:51:08.720949+00,3
PHYS 236,2019-07-16 02:51:08.720949+00,3
PHYS 239,2019-07-16 02:51:08.720949+00,3
PHYS 241,2019-07-16 02:51:08.720949+00,3
PHYS 242,2019-07-16 02:51:08.720949+00,3
PHYS 242L,2019-07-16 02:51:08.720949+00,3
PHYS 246,2019-07-16 02:51:08.720949+00,3
PHYS 256,2019-07-16 02:51:08.720949+00,3
PHYS 256L,2019-07-16 02:51:08.720949+00,3
PHYS 260L,2019-07-16 02:51:08.720949+00,3
PHYS 263,2019-07-16 02:51:08.720949+00,3
PHYS 270,2019-07-16 02:51:08.720949+00,3
PHYS 270L,2019-07-16 02:51:08.720949+00,3
PHYS 275,2019-07-16 02:51:08.720949+00,3
PHYS 280,2019-07-16 02:51:08.720949+00,3
PHYS 334,2019-07-16 02:51:08.720949+00,3
PHYS 335,2019-07-16 02:51:08.720949+00,3
PHYS 339,2019-07-16 02:51:08.720949+00,3
PHYS 342,2019-07-16 02:51:08.720949+00,3
PHYS 358,2019-07-16 02:51:08.720949+00,3
PHYS 359,2019-07-16 02:51:08.720949+00,3
PHYS 360A,2019-07-16 02:51:08.720949+00,3
PHYS 360B,2019-07-16 02:51:08.720949+00,3
PHYS 363,2019-07-16 02:51:08.720949+00,3
PHYS 364,2019-07-16 02:51:08.720949+00,3
PHYS 365,2019-07-16 02:51:08.720949+00,3
PHYS 381,2019-07-16 02:51:08.720949+00,3
PHYS 370L,2019-07-16 02:51:08.720949+00,3
PHYS 375,2019-07-16 02:51:08.720949+00,3
PHYS 380,2019-07-16 02:51:08.720949+00,3
PHYS 383,2019-07-16 02:51:08.720949+00,3
PHYS 391,2019-07-16 02:51:08.720949+00,3
PHYS 391L,2019-07-16 02:51:08.720949+00,3
PHYS 392,2019-07-16 02:51:08.720949+00,3
PHYS 392L,2019-07-16 02:51:08.720949+00,3
PHYS 393,2019-07-16 02:51:08.720949+00,3
PHYS 394,2019-07-16 02:51:08.720949+00,3
PHYS 395,2019-07-16 02:51:08.720949+00,3
PHYS 396,2019-07-16 02:51:08.720949+00,3
PHYS 434,2019-07-16 02:51:08.720949+00,3
PHYS 435,2019-07-16 02:51:08.720949+00,3
PHYS 437A,2019-07-16 02:51:08.720949+00,3
PHYS 441A,2019-07-16 02:51:08.720949+00,3
PHYS 437B,2019-07-16 02:51:08.720949+00,3
PHYS 442,2019-07-16 02:51:08.720949+00,3
PHYS 444,2019-07-16 02:51:08.720949+00,3
PHYS 454,2019-07-16 02:51:08.720949+00,3
PHYS 460A,2019-07-16 02:51:08.720949+00,3
PHYS 460B,2019-07-16 02:51:08.720949+00,3
PHYS 461,2019-07-16 02:51:08.720949+00,3
PHYS 467,2019-07-16 02:51:08.720949+00,3
PHYS 468,2019-07-16 02:51:08.720949+00,3
PHYS 475,2019-07-16 02:51:08.720949+00,3
PHYS 480,2019-07-16 02:51:08.720949+00,3
PHYS 476,2019-07-16 02:51:08.720949+00,3
PHYS 490,2019-07-16 02:51:08.720949+00,3
PHYS 601,2019-07-16 02:51:08.720949+00,3
PHYS 602,2019-07-16 02:51:08.720949+00,3
PHYS 603,2019-07-16 02:51:08.720949+00,3
PHYS 604,2019-07-16 02:51:08.720949+00,3
PHYS 605,2019-07-16 02:51:08.720949+00,3
PHYS 606,2019-07-16 02:51:08.720949+00,3
PHYS 607,2019-07-16 02:51:08.720949+00,3
PHYS 608,2019-07-16 02:51:08.720949+00,3
PHYS 609,2019-07-16 02:51:08.720949+00,3
PHYS 610,2019-07-16 02:51:08.720949+00,3
PHYS 611,2019-07-16 02:51:08.720949+00,3
PHYS 621,2019-07-16 02:51:08.720949+00,3
PHYS 622,2019-07-16 02:51:08.720949+00,3
PHYS 623,2019-07-16 02:51:08.720949+00,3
PHYS 624,2019-07-16 02:51:08.720949+00,3
PHYS 625,2019-07-16 02:51:08.720949+00,3
PHYS 635,2019-07-16 02:51:08.720949+00,3
PHYS 636,2019-07-16 02:51:08.720949+00,3
PHYS 637,2019-07-16 02:51:08.720949+00,3
PHYS 638,2019-07-16 02:51:08.720949+00,3
PHYS 639,2019-07-16 02:51:08.720949+00,3
PHYS 641,2019-07-16 02:51:08.720949+00,3
PHYS 642,2019-07-16 02:51:08.720949+00,3
PHYS 643,2019-07-16 02:51:08.720949+00,3
PHYS 644,2019-07-16 02:51:08.720949+00,3
PHYS 645,2019-07-16 02:51:08.720949+00,3
PHYS 646,2019-07-16 02:51:08.720949+00,3
PHYS 647,2019-07-16 02:51:08.720949+00,3
PHYS 648,2019-07-16 02:51:08.720949+00,3
PHYS 649,2019-07-16 02:51:08.720949+00,3
PHYS 701,2019-07-16 02:51:08.720949+00,3
PHYS 702,2019-07-16 02:51:08.720949+00,3
PHYS 703,2019-07-16 02:51:08.720949+00,3
PHYS 704,2019-07-16 02:51:08.720949+00,3
PHYS 705,2019-07-16 02:51:08.720949+00,3
PHYS 706,2019-07-16 02:51:08.720949+00,3
PHYS 708,2019-07-16 02:51:08.720949+00,3
PHYS 709,2019-07-16 02:51:08.720949+00,3
PHYS 710,2019-07-16 02:51:08.720949+00,3
PHYS 712,2019-07-16 02:51:08.720949+00,3
PHYS 713,2019-07-16 02:51:08.720949+00,3
PHYS 714,2019-07-16 02:51:08.720949+00,3
PHYS 715,2019-07-16 02:51:08.720949+00,3
PHYS 716,2019-07-16 02:51:08.720949+00,3
PHYS 717,2019-07-16 02:51:08.720949+00,3
PHYS 718,2019-07-16 02:51:08.720949+00,3
PHYS 730,2019-07-16 02:51:08.720949+00,3
PHYS 731,2019-07-16 02:51:08.720949+00,3
PHYS 732,2019-07-16 02:51:08.720949+00,3
PHYS 733,2019-07-16 02:51:08.720949+00,3
PHYS 737,2019-07-16 02:51:08.720949+00,3
PHYS 738,2019-07-16 02:51:08.720949+00,3
PHYS 745,2019-07-16 02:51:08.720949+00,3
PHYS 748,2019-07-16 02:51:08.720949+00,3
PHYS 747,2019-07-16 02:51:08.720949+00,3
PHYS 749,2019-07-16 02:51:08.720949+00,3
PHYS 751,2019-07-16 02:51:08.720949+00,3
PHYS 752,2019-07-16 02:51:08.720949+00,3
PHYS 754,2019-07-16 02:51:08.720949+00,3
PHYS 757,2019-07-16 02:51:08.720949+00,3
PHYS 767,2019-07-16 02:51:08.720949+00,3
PHYS 768,2019-07-16 02:51:08.720949+00,3
PHYS 769,2019-07-16 02:51:08.720949+00,3
PHYS 771,2019-07-16 02:51:08.720949+00,3
PHYS 772,2019-07-16 02:51:08.720949+00,3
PHYS 773,2019-07-16 02:51:08.720949+00,3
PHYS 775,2019-07-16 02:51:08.720949+00,3
PHYS 776,2019-07-16 02:51:08.720949+00,3
PHYS 777,2019-07-16 02:51:08.720949+00,3
PHYS 780,2019-07-16 02:51:08.720949+00,3
PHYS 781,2019-07-16 02:51:08.720949+00,3
PHYS 784,2019-07-16 02:51:08.720949+00,3
PHYS 785,2019-07-16 02:51:08.720949+00,3
PHYS 786,2019-07-16 02:51:08.720949+00,3
PHYS 787,2019-07-16 02:51:08.720949+00,3
PHYS 788,2019-07-16 02:51:08.720949+00,3
PHYS 789,2019-07-16 02:51:08.720949+00,3
PHYS 790,2019-07-16 02:51:08.720949+00,3
PHYS 890,2019-07-16 02:51:08.720949+00,3
PHYS 791,2019-07-16 02:51:08.720949+00,3
SCI 263,2019-07-16 02:51:08.720949+00,3
SCBUS 122,2019-07-16 02:51:08.720949+00,3
SCBUS 123,2019-07-16 02:51:08.720949+00,3
SCBUS 223,2019-07-16 02:51:08.720949+00,3
SCBUS 225,2019-07-16 02:51:08.720949+00,3
SCBUS 323,2019-07-16 02:51:08.720949+00,3
SCBUS 423,2019-07-16 02:51:08.720949+00,3
SCBUS 424,2019-07-16 02:51:08.720949+00,3
SCBUS 425,2019-07-16 02:51:08.720949+00,3
SCI 200,2019-07-16 02:51:08.720949+00,3
SCI 201,2019-07-16 02:51:08.720949+00,3
SCI 205,2019-07-16 02:51:08.720949+00,3
SCI 206,2019-07-16 02:51:08.720949+00,3
SCI 227,2019-07-16 02:51:08.720949+00,3
SCI 237,2019-07-16 02:51:08.720949+00,3
SCI 238,2019-07-16 02:51:08.720949+00,3
SCI 250,2019-07-16 02:51:08.720949+00,3
SCI 255,2019-07-16 02:51:08.720949+00,3
SCI 267,2019-07-16 02:51:08.720949+00,3
SCI 395,2019-07-16 02:51:08.720949+00,3
SCI 396,2019-07-16 02:51:08.720949+00,3
SCI 397,2019-07-16 02:51:08.720949+00,3
SCI 455,2019-07-16 02:51:08.720949+00,3
SCI 462,2019-07-16 02:51:08.720949+00,3
BIOL 139,2019-07-16 02:51:08.720949+00,3
BIOL 140,2019-07-16 02:51:08.720949+00,3
BIOL 140L,2019-07-16 02:51:08.720949+00,3
BIOL 208,2019-07-16 02:51:08.720949+00,3
BIOL 250,2019-07-16 02:51:08.720949+00,3
BIOL 265,2019-07-16 02:51:08.720949+00,3
BIOL 358,2019-07-16 02:51:08.720949+00,3
BIOL 374L,2019-07-16 02:51:08.720949+00,3
BIOL 491B,2019-07-16 02:51:08.720949+00,3
CHEM 305,2019-07-16 02:51:08.720949+00,3
CHEM 305L,2019-07-16 02:51:08.720949+00,3
CHEM 340L,2019-07-16 02:51:08.720949+00,3
CHEM 406,2019-07-16 02:51:08.720949+00,3
EARTH 205,2019-07-16 02:51:08.720949+00,3
EARTH 305,2019-07-16 02:51:08.720949+00,3
EARTH 305L,2019-07-16 02:51:08.720949+00,3
EARTH 361,2019-07-16 02:51:08.720949+00,3
PHARM 140,2019-07-16 02:51:08.720949+00,3
PHARM 291,2019-07-16 02:51:08.720949+00,3
PHARM 390,2019-07-16 02:51:08.720949+00,3
PHARM 415,2019-07-16 02:51:08.720949+00,3
PHYS 258,2019-07-16 02:51:08.720949+00,3
PHYS 260A,2019-07-16 02:51:08.720949+00,3
PHYS 260B,2019-07-16 02:51:08.720949+00,3
PHYS 260C,2019-07-16 02:51:08.720949+00,3
PHYS 276,2019-07-16 02:51:08.720949+00,3
PHYS 352,2019-07-16 02:51:08.720949+00,3
PHYS 352L,2019-07-16 02:51:08.720949+00,3
PHYS 353,2019-07-16 02:51:08.720949+00,3
PHYS 353L,2019-07-16 02:51:08.720949+00,3
PHYS 356,2019-07-16 02:51:08.720949+00,3
PHYS 356L,2019-07-16 02:51:08.720949+00,3
PHYS 432,2019-07-16 02:51:08.720949+00,3
PHYS 441B,2019-07-16 02:51:08.720949+00,3
PHYS 445,2019-07-16 02:51:08.720949+00,3
PHYS 482,2019-07-16 02:51:08.720949+00,3
PHYS 741,2019-07-16 02:51:08.720949+00,3
PHYS 742,2019-07-16 02:51:08.720949+00,3
PHYS 753,2019-07-16 02:51:08.720949+00,3
PHYS 755,2019-07-16 02:51:08.720949+00,3
BIOL 101,2019-07-16 02:51:08.720949+00,3
BIOL 414,2019-07-16 02:51:08.720949+00,3
EARTH 439,2019-07-16 02:51:08.720949+00,3
EARTH 695,2019-07-16 02:51:08.720949+00,3
PHARM 155,2019-07-16 02:51:08.720949+00,3
PHARM 379,2019-07-16 02:51:08.720949+00,3
PHARM 425,2019-07-16 02:51:08.720949+00,3
PHARM 430,2019-07-16 02:51:08.720949+00,3
PHARM 440,2019-07-16 02:51:08.720949+00,3
PHARM 450,2019-07-16 02:51:08.720949+00,3
PHARM 473,2019-07-16 02:51:08.720949+00,3
PHARM 474,2019-07-16 02:51:08.720949+00,3
PHARM 475,2019-07-16 02:51:08.720949+00,3
PHARM 476,2019-07-16 02:51:08.720949+00,3
PHARM 496,2019-07-16 02:51:08.720949+00,3
PHARM 497,2019-07-16 02:51:08.720949+00,3
PHARM 498,2019-07-16 02:51:08.720949+00,3
PHARM 499,2019-07-16 02:51:08.720949+00,3
PHARM 612,2019-07-16 02:51:08.720949+00,3
PHARM 613,2019-07-16 02:51:08.720949+00,3
PHYS 650,2019-07-16 02:51:08.720949+00,3
BIOL 266,2019-07-16 02:51:08.720949+00,3
BIOL 341,2019-07-16 02:51:08.720949+00,3
BIOL 469,2019-07-16 02:51:08.720949+00,3
CHEM 101,2019-07-16 02:51:08.720949+00,3
CHEM 201,2019-07-16 02:51:08.720949+00,3
CHEM 239,2019-07-16 02:51:08.720949+00,3
CHEM 301,2019-07-16 02:51:08.720949+00,3
CHEM 302,2019-07-16 02:51:08.720949+00,3
CHEM 339,2019-07-16 02:51:08.720949+00,3
CHEM 363,2019-07-16 02:51:08.720949+00,3
CHEM 479,2019-07-16 02:51:08.720949+00,3
CHEM 491B,2019-07-16 02:51:08.720949+00,3
EARTH 321,2019-07-16 02:51:08.720949+00,3
MNS 410,2019-07-16 02:51:08.720949+00,3
MNS 431,2019-07-16 02:51:08.720949+00,3
OPTOM 682,2019-07-16 02:51:08.720949+00,3
OPTOM 683,2019-07-16 02:51:08.720949+00,3
PHARM 614,2019-07-16 02:51:08.720949+00,3
PHARM 615,2019-07-16 02:51:08.720949+00,3
PHARM 616,2019-07-16 02:51:08.720949+00,3
PHARM 617,2019-07-16 02:51:08.720949+00,3
PHYS 474,2019-07-16 02:51:08.720949+00,3
PHYS 483,2019-07-16 02:51:08.720949+00,3
PHYS 491,2019-07-16 02:51:08.720949+00,3
SCI 207,2019-07-16 02:51:08.720949+00,3
PHARM 351,2019-07-16 02:51:08.720949+00,3
MNS 10,2019-07-16 02:51:08.720949+00,3
PHARM 324,2019-07-16 02:51:08.720949+00,3
PHARM 330,2019-07-16 02:51:08.720949+00,3
PHARM 323,2019-07-16 02:51:08.720949+00,3
PHARM 352,2019-07-16 02:51:08.720949+00,3
PHARM 353,2019-07-16 02:51:08.720949+00,3
CHEM 383,2019-07-16 02:51:08.720949+00,3
EARTH 627,2019-07-16 02:51:08.720949+00,3
SCI 10,2019-07-16 02:51:08.720949+00,3
SCI 240,2019-07-16 02:51:08.720949+00,3
CHEM 200,2019-07-16 02:51:08.720949+00,3
CHEM 400,2019-07-16 02:51:08.720949+00,3
CHEM 233L,2019-07-16 02:51:08.720949+00,3
EARTH 322,2019-07-16 02:51:08.720949+00,3
CHEM 212W,2019-07-16 02:51:08.720949+00,3
